{
  "month": "2026-04",
  "neighborhood": "Downtown Atlanta, GA",
  "base_lat": 33.749,
  "base_lng": -84.388,
  "current_lat": 33.73902128539106,
  "current_lng": -84.39052818003135,
  "step_count": 4
}