{
  "month": "2026-06",
  "neighborhood": "Downtown Atlanta, GA",
  "base_lat": 33.749,
  "base_lng": -84.388,
  "current_lat": 33.74627576556254,
  "current_lng": -84.37560302696622,
  "step_count": 3
}