{
  "month": "2026-04",
  "neighborhood": "Downtown Atlanta, GA",
  "base_lat": 33.749,
  "base_lng": -84.388,
  "current_lat": 33.74343625184109,
  "current_lng": -84.39287510807564,
  "step_count": 3
}