{
  "month": "2026-05",
  "neighborhood": "Downtown Atlanta, GA",
  "base_lat": 33.749,
  "base_lng": -84.388,
  "current_lat": 33.74523326069355,
  "current_lng": -84.3847118888405,
  "step_count": 1
}