{
  "month": "2026-04",
  "neighborhood": "Downtown Atlanta, GA",
  "base_lat": 33.749,
  "base_lng": -84.388,
  "current_lat": 33.739279489231436,
  "current_lng": -84.39552150865832,
  "step_count": 5
}