{
  "month": "2026-04",
  "neighborhood": "Downtown Atlanta, GA",
  "base_lat": 33.749,
  "base_lng": -84.388,
  "current_lat": 33.746836683999,
  "current_lng": -84.38349222184665,
  "step_count": 1
}