{
  "month": "2026-05",
  "neighborhood": "Downtown Atlanta, GA",
  "base_lat": 33.749,
  "base_lng": -84.388,
  "current_lat": 33.74834245841724,
  "current_lng": -84.37700953546639,
  "step_count": 5
}