{
  "month": "2026-03",
  "neighborhood": "Downtown Atlanta, GA",
  "base_lat": 33.749,
  "base_lng": -84.388,
  "current_lat": 33.744170947735114,
  "current_lng": -84.38929624620462,
  "step_count": 1
}