{
  "month": "2026-05",
  "neighborhood": "Downtown Atlanta, GA",
  "base_lat": 33.749,
  "base_lng": -84.388,
  "current_lat": 33.752374663046474,
  "current_lng": -84.3799661087917,
  "step_count": 4
}