{
  "month": "2026-05",
  "neighborhood": "Downtown Atlanta, GA",
  "base_lat": 33.749,
  "base_lng": -84.388,
  "current_lat": 33.74240017127827,
  "current_lng": -84.38059198539928,
  "step_count": 2
}