{
  "month": "2026-05",
  "neighborhood": "Downtown Atlanta, GA",
  "base_lat": 33.749,
  "base_lng": -84.388,
  "current_lat": 33.74197564299654,
  "current_lng": -84.36875200490329,
  "step_count": 8
}