{
  "month": "2026-05",
  "neighborhood": "Downtown Atlanta, GA",
  "base_lat": 33.749,
  "base_lng": -84.388,
  "current_lat": 33.743577672054755,
  "current_lng": -84.3785250587819,
  "step_count": 6
}