{
  "month": "2026-05",
  "neighborhood": "Downtown Atlanta, GA",
  "base_lat": 33.749,
  "base_lng": -84.388,
  "current_lat": 33.74737667050597,
  "current_lng": -84.38010777941346,
  "step_count": 3
}