{
  "month": "2026-06",
  "neighborhood": "Downtown Atlanta, GA",
  "base_lat": 33.749,
  "base_lng": -84.388,
  "current_lat": 33.7505791382013,
  "current_lng": -84.37814880463362,
  "step_count": 2
}