{
  "month": "2026-03",
  "neighborhood": "Downtown Atlanta, GA",
  "base_lat": 33.749,
  "base_lng": -84.388,
  "current_lat": 33.74668545758283,
  "current_lng": -84.39361796348201,
  "step_count": 2
}