{
  "month": "2026-05",
  "neighborhood": "Downtown Atlanta, GA",
  "base_lat": 33.749,
  "base_lng": -84.388,
  "current_lat": 33.74209279810348,
  "current_lng": -84.37375063218295,
  "step_count": 7
}