{
  "month": "2026-04",
  "neighborhood": "Downtown Atlanta, GA",
  "base_lat": 33.749,
  "base_lng": -84.388,
  "current_lat": 33.745433218510335,
  "current_lng": -84.38829120972142,
  "step_count": 2
}