{
  "month": "2026-04",
  "neighborhood": "Downtown Atlanta, GA",
  "base_lat": 33.749,
  "base_lng": -84.388,
  "current_lat": 33.744216483641274,
  "current_lng": -84.39631276474658,
  "step_count": 6
}