{
  "month": "2026-06",
  "neighborhood": "Downtown Atlanta, GA",
  "base_lat": 33.749,
  "base_lng": -84.388,
  "current_lat": 33.74945462820556,
  "current_lng": -84.38302071157747,
  "step_count": 1
}